id,value
Cocomelon,428
iCarly,42
Avatar: The Last Airbender,39
The Mitchells vs. The Machine,31
Jurassic World Camp Cretaceous,31
How the Grinch Stole Christmas,29
Despicable Me 2,27
The Grinch,24
We Can Be Heroes,24
The Christmas Chronicles 2,24
The Great British Baking Show,24
Henry Danger,22
Wish Dragon,21
Home,21
Down to Earth with Zac Efron,18
"Ricky, Nicky, Dicky, and Dawn",18
The Baby-sitters Club,17
The Lorax,17
Nailed It,15
Yes Day,15
Go Dog Go,15
Sharkdog,15
The Boss Baby: Back in Business,15
Dog Gone Trouble,14
My Little Pony A New Generation,13
Despicable Me ,13
Mr Peabody and Sherman,13
The Christmas Chronicles ,12
Smurfs 2,12
Fuller House,12
Madagascar 3,12
The Loud House Movie,10
The Smurfs,10
Jingle Jangle: A Christmas Journey,10
"Sister, Sister",10
Shrek 2,10
The Willoughbys,10
Cloudy with a Chance of Meatballs,10
That Girl Lay Lay,9
Pets United,9
Bake Squad,9
Maya and the Three,9
A Boy Called Christmas,9
Gabby's Dollhouse,9
Finding Ohana,9
Dennis the Mennis,9
Secret Magic Control Agency,8
Operations Christmas Drop,7
Little Rascals,7
The Bureau of Magical Things,7